<?xml version="1.0" encoding="UTF-8"?>
<!-- appender : where -->
<!-- layout : how -->
<!-- message : -->
<!-- logger : who -->
<!-- logging event level : logger 가 메시지를 기록할지 여부를 결정하는 기준. -->
<!-- debug -> info -> warn -> error -> fatal -->
<!-- logger 에 설정된 이벤트 등급 이상의 이벤트 메시지만 기록. -->
<Configuration status="WARN">
	<Appenders>
		<Console name="Console" target="SYSTEM_OUT">
			<PatternLayout
				pattern="%-5level %logger{1.} - %msg%n" />
		</Console>
	</Appenders>
	<Loggers>
		<Logger name="kr.or.ddit" level="info" additivity="false">
			<AppenderRef ref="Console" />
		</Logger>
		<Logger name="jdbc.sqltiming" level="debug" additivity="false">
			<AppenderRef ref="Console" />
		</Logger>
		<Logger name="jdbc.resultsettable" level="debug" additivity="false">
			<AppenderRef ref="Console" />
		</Logger>
		<Logger name="org.springframework" level="info" additivity="false">
			<AppenderRef ref="Console" />
		</Logger>
		<Root level="error">
			<AppenderRef ref="Console" />
		</Root>
	</Loggers>
</Configuration>



